범죄도시3|7,782,837|/moviedb/main?movieId=160244|https://img1.daumcdn.net/thumb/C408x596/?fname=https%3A%2F%2Ft1.daumcdn.net%2Fmovie%2Fb05fec37909f3c46d8ada73ba1d2bc2f8868e869
트랜스포머: 비스트의 서막|569,481|/moviedb/main?movieId=165969|https://img1.daumcdn.net/thumb/C408x596/?fname=https%3A%2F%2Ft1.daumcdn.net%2Fmovie%2F69b2d6ef76c2c5b37b0641b187d1efd7f0636e41
포켓 몬스터 DP: 아르세우스 초극의 시공으로|553,598|/moviedb/main?movieId=52733|https://img1.daumcdn.net/thumb/C408x596/?fname=https%3A%2F%2Ft1.daumcdn.net%2Fmovie%2Fc0c9027d8d127e25f40d994fb394852059f228f5
가디언즈 오브 갤럭시: Volume 3|4,155,204|/moviedb/main?movieId=129156|https://img1.daumcdn.net/thumb/C408x596/?fname=https%3A%2F%2Ft1.daumcdn.net%2Fmovie%2F6b0eb68a4c944965ae78c83112bbb799c25b876b
인어공주|631,443|/moviedb/main?movieId=133193|https://img1.daumcdn.net/thumb/C408x596/?fname=https%3A%2F%2Ft1.daumcdn.net%2Fmovie%2Fbba5ebdc0a4edab6b44ed2592227a39b179d52da
분노의 질주: 라이드 오어 다이|1,759,981|/moviedb/main?movieId=167558|https://img1.daumcdn.net/thumb/C408x596/?fname=https%3A%2F%2Ft1.daumcdn.net%2Fmovie%2F6fed61e73b455aba36c3c4b434b6fafe2944e698
슈퍼 마리오 브라더스|2,387,770|/moviedb/main?movieId=154241|https://img1.daumcdn.net/thumb/C408x596/?fname=https%3A%2F%2Ft1.daumcdn.net%2Fmovie%2F8876ecefc861afc397a9943ab781bdf0316c4983
남은 인생 10년|113,973|/moviedb/main?movieId=158655|https://img1.daumcdn.net/thumb/C408x596/?fname=https%3A%2F%2Ft1.daumcdn.net%2Fmovie%2F0df0e75760a60ae1d17cee78a3294770b54f03c4
극장판 짱구는 못말려: 동물소환 닌자 배꼽수비대|727,225|/moviedb/main?movieId=159863|https://img1.daumcdn.net/thumb/C408x596/?fname=https%3A%2F%2Ft1.daumcdn.net%2Fmovie%2Fdea3a62914133f571a8a7ef336d893f096426335
스즈메의 문단속|5,530,291|/moviedb/main?movieId=161806|https://img1.daumcdn.net/thumb/C408x596/?fname=https%3A%2F%2Ft1.daumcdn.net%2Fmovie%2F3a684ccaeb7aeac8e3f060ffe7249f7fe039443a
아기공룡 둘리-얼음별 대모험|100,253|/moviedb/main?movieId=121|https://img1.daumcdn.net/thumb/C408x596/?fname=https%3A%2F%2Ft1.daumcdn.net%2Fmovie%2F353b6aea0624a60cfeb7a7d402e5e2409a22d28d
부기맨|10,340|/moviedb/main?movieId=167476|https://img1.daumcdn.net/thumb/C408x596/?fname=https%3A%2F%2Ft1.daumcdn.net%2Fmovie%2Faba4ad78b86bedd4014b738b68e88e915aa0a686
귀공자|8,655|/moviedb/main?movieId=155850|https://img1.daumcdn.net/thumb/C408x596/?fname=https%3A%2F%2Ft1.daumcdn.net%2Fmovie%2Fa41e4f0459791741de8afed19cc1164027c1abc0
더 퍼스트 슬램덩크|4,683,719|/moviedb/main?movieId=164918|https://img1.daumcdn.net/thumb/C408x596/?fname=https%3A%2F%2Ft1.daumcdn.net%2Fmovie%2Fa0aaca4b87c541b11085139bd941da0996a78ec1
그 여름|6,110|/moviedb/main?movieId=169897|https://img1.daumcdn.net/thumb/C408x596/?fname=https%3A%2F%2Ft1.daumcdn.net%2Fmovie%2F4cac76629657c47ae3a2f512b06bf3b6a7cfd901
